rsi_9,rsi_14,sma_5,sma_spread,cruce_sma,breakout,rsi_reversion,racha_actual,payout,puntaje_estrategia,volatilidad,es_rebote,hora_bucket,result_bin
51.68,54.65,3963.808,0.0026292468521190307,0.4775532221032809,0.16973527018569987,0.03164999999999999,1.0,0.95,0.20140054311100652,0.0998284062283078,0.022912499999999995,0.723404255319149,0
51.68,54.65,3963.808,0.0026292468521190307,0.4775532221032809,0.16973527018569987,0.03164999999999999,1.0,0.95,0.20140054311100652,0.0998284062283078,0.022912499999999995,0.723404255319149,0
51.2,54.3,3963.714,0.0026114296843974586,0.4763725549608002,0.16789430328260913,0.027499999999999997,-3.0,0.95,0.20397898610628631,0.09918663723477905,0.051875,0.723404255319149,0
51.68,54.65,3963.808,0.0026292468521190307,0.4775532221032809,0.16973527018569987,0.03164999999999999,5.0,0.95,0.20980054311100652,0.0998284062283078,0.0829125,0.723404255319149,0
51.2,54.3,3963.714,0.0026114296843974586,0.4763725549608002,0.16789430328260913,0.027499999999999997,1.0,0.95,0.1997789861062863,0.09918663723477905,0.021875,0.723404255319149,0
51.68,54.65,3963.808,0.0026292468521190307,0.4775532221032809,0.16973527018569987,0.03164999999999999,-1.0,0.95,0.20140054311100652,0.0998284062283078,0.022912499999999995,0.723404255319149,0
92.45,56.07,1398.3380000000002,0.003064057561099336,0.5035088055004671,0.24820273363200698,0.7842857142857144,-1.0,0.9550000000000001,0.4373722650270746,0.11534921267959297,0.21107142857142858,0.7446808510638298,1
92.59,56.47,1398.384,0.0030887798243714056,0.5048367881969347,0.24969450220392247,0.7882857142857144,-1.0,0.9550000000000001,0.43892583725381035,0.11622360305687407,0.21207142857142858,0.7446808510638298,1
92.45,56.07,1398.3380000000002,0.003064057561099336,0.5035088055004671,0.24820273363200698,0.7842857142857144,-4.0,0.9550000000000001,0.466849529174587,0.11534921267959297,0.4216233153393743,0.7446808510638298,1
92.59,56.47,1398.384,0.0030887798243714056,0.5048367881969347,0.24969450220392247,0.7882857142857144,-1.0,0.9550000000000001,0.43892583725381035,0.11622360305687407,0.21207142857142858,0.7446808510638298,1
92.45,56.07,1398.3380000000002,0.003064057561099336,0.5035088055004671,0.24820273363200698,0.7842857142857144,-1.0,0.9550000000000001,0.4373722650270746,0.11534921267959297,0.21107142857142858,0.7446808510638298,1
92.45,56.07,1398.3380000000002,0.003064057561099336,0.5035088055004671,0.24820273363200698,0.7842857142857144,-2.0,0.9550000000000001,0.4394722650270746,0.11534921267959297,0.2260714285714286,0.7446808510638298,1
94.41,59.83,1402.3839999999998,0.004893753701485393,0.5740470226842426,0.29515325779879964,0.8402857142857142,1.0,0.95,0.47961601924764125,0.1777823583101934,0.22507142857142853,0.7446808510638298,1
94.41,59.83,1402.3839999999998,0.004893753701485393,0.5740470226842426,0.29515325779879964,0.8402857142857142,1.0,0.95,0.47961601924764125,0.1777823583101934,0.22507142857142853,0.7446808510638298,1
94.41,59.81,1402.382,0.0048926806128603735,0.5740174868525734,0.2951038564326952,0.8402857142857142,1.0,0.95,0.47959543229317086,0.1777470650567995,0.22507142857142853,0.7446808510638298,1
94.58,60.53,1402.476,0.004943114947037899,0.5753950132432143,0.2973430850209537,0.8451428571428571,1.0,0.95,0.48158520767444674,0.17940418415279813,0.22628571428571426,0.7446808510638298,1
94.41,59.83,1402.3839999999998,0.004893753701485393,0.5740470226842426,0.29515325779879964,0.8402857142857142,1.0,0.95,0.47961601924764125,0.1777823583101934,0.22507142857142853,0.7446808510638298,1
94.41,59.83,1402.3839999999998,0.004893753701485393,0.5740470226842426,0.29515325779879964,0.8402857142857142,1.0,0.95,0.47961601924764125,0.1777823583101934,0.22507142857142853,0.7446808510638298,1
95.29,94.19,1408.262,0.007193874139207824,0.6205985407671765,0.35179532599979085,0.8654285714285717,2.0,0.95,0.5158079182809585,0.25005466784492003,0.2463571428571429,0.7446808510638298,1
95.33,94.23,1408.29,0.007208857321554983,0.6208211699351702,0.3519694218219407,0.8665714285714285,2.0,0.95,0.5161758876412477,0.25050399589067274,0.24664285714285714,0.7446808510638298,1
95.34,94.23,1408.292,0.007209927543124681,0.6208370426240759,0.3519818442811955,0.866857142857143,2.0,0.95,0.5162460388914664,0.2505360802755199,0.24671428571428575,0.7446808510638298,1
95.32,94.22,1408.284,0.007205646652253022,0.6207735283847238,0.3519321440903715,0.8662857142857141,2.0,0.95,0.516088283181462,0.25040773435703256,0.24657142857142852,0.7446808510638298,1
95.34,94.23,1408.292,0.007209927543124681,0.6208370426240759,0.3519818442811955,0.866857142857143,2.0,0.95,0.5162460388914664,0.2505360802755199,0.24671428571428575,0.7446808510638298,1
95.31,94.21,1408.2759999999998,0.007201365749134235,0.6207099514680285,0.35188241626992806,0.8660000000000001,2.0,0.95,0.5159919350885847,0.25027936609199175,0.24650000000000002,0.7446808510638298,1
56.14,70.91,1411.628,0.007496838252717037,0.6249560714109481,0.2877589883087069,0.16885714285714276,3.0,0.95,0.3543705193688913,0.259088082193618,0.08721428571428569,0.7446808510638298,1
39.83,50.11,3947.044,0.0027874647208733826,0.7376071703813738,0.18056943208764276,0.05140000000000001,3.0,0.95,0.2636355010858131,0.10550734632083925,0.05785,0.7446808510638298,1
54.73,70.15,1411.476,0.007415676125519847,0.6238177582763635,0.2834359128194901,0.1471428571428573,3.0,0.95,0.3482440057397373,0.25667881399044723,0.08178571428571432,0.7446808510638298,1
39.21,49.6,3946.904,0.002814017638013927,0.7392222066764836,0.18275252175228845,0.055949999999999986,3.0,0.95,0.26553666396165226,0.10645689753711762,0.0589875,0.7446808510638298,1
56.67,71.2,1411.688,0.007528874722636516,0.6253997552785305,0.28940544980652005,0.1771428571428572,3.0,0.95,0.3567117426745256,0.2600369222087937,0.0892857142857143,0.7446808510638298,1
56.67,71.2,1411.688,0.007528874722636516,0.6253997552785305,0.28940544980652005,0.1771428571428572,3.0,0.95,0.3567117426745256,0.2600369222087937,0.0892857142857143,0.7446808510638298,1
54.44,71.48,1414.578,0.0070288804513688975,0.6180952316761064,0.280586959199303,0.18514285714285725,4.0,0.95,0.3557585543879625,0.24508884945446674,0.10628571428571432,0.7446808510638298,1
58.55,73.51,1415.044,0.007277083699631615,0.6218253079838788,0.2931379398720872,0.2431428571428573,4.0,0.95,0.3725834269195274,0.2525466233112442,0.12078571428571433,0.7446808510638298,1
58.56,73.52,1415.046,0.007278148860905129,0.621840861003125,0.2931816243201439,0.24342857142857133,4.0,0.95,0.37266099801491515,0.2525784689684485,0.12085714285714283,0.7446808510638298,1
57.02,72.74,1414.86,0.0071790856186932485,0.8703780502433407,0.2883888750381498,0.221142857142857,4.0,0.95,0.41618934301287364,0.24961091333122987,0.11528571428571424,0.7446808510638298,1
57.26,72.86,1414.888,0.007193998784152982,0.6206003959822726,0.2891282042642211,0.22457142857142856,4.0,0.95,0.36718419351847287,0.2500584069113908,0.11614285714285713,0.7446808510638298,1
57.02,72.74,1414.86,0.0071790856186932485,0.8703780502433407,0.2883888750381498,0.221142857142857,4.0,0.95,0.41618934301287364,0.24961091333122987,0.11528571428571424,0.7446808510638298,1
59.3,59.39,1421.8740000000005,0.008708508131925481,0.6397978053735647,0.2872672904661259,0.09344999999999998,5.0,0.95,0.29801258728504093,0.29414138619526176,0.09836249999999999,0.7446808510638298,1
60.18,59.94,1421.9900000000002,0.008770047406141113,0.6404581492654756,0.29011262069875354,0.10059999999999997,5.0,0.95,0.3005036160640222,0.29587677050486727,0.10014999999999999,0.7446808510638298,0
60.3,60.01,1422.006,0.008778535383183404,0.6405486085264055,0.2904933976163535,0.10154999999999997,5.0,0.95,0.3008364661919199,0.29611579319846437,0.10038749999999999,0.7446808510638298,0
59.62,59.59,1421.9160000000002,0.008730789885705905,0.6400378159880099,0.288301466092435,0.09605000000000001,5.0,0.95,0.298918097993679,0.2947702166381967,0.0990125,0.7446808510638298,0
60.33,60.03,1422.01,0.008780657369917212,0.6405711999223004,0.29059250899847316,0.1018,5.0,0.95,0.30092330062540407,0.2961755359809195,0.10045,0.7446808510638298,0
59.59,59.57,1421.912,0.008728667828218808,0.6400150030391686,0.2882022468399859,0.09580000000000001,5.0,0.95,0.29883118365801575,0.2947103525718565,0.09895,0.7446808510638298,0
81.44,70.28,1429.5700000000002,0.009449310402291588,0.6472538033295185,0.3461297308794603,0.46971428571428564,6.0,0.95,0.4482763309274322,0.3147505977381212,0.2074285714285714,0.7446808510638298,0
81.37,70.2,1429.554,0.009440863616592602,0.6471744791431404,0.34581752059070553,0.46771428571428586,-1.0,0.9550000000000001,0.43740367706260214,0.3145190324266224,0.13192857142857145,0.7446808510638298,0
80.86,69.62,1429.436,0.009378567098434402,0.6465856449824257,0.34353856289743895,0.4531428571428571,-1.0,0.9550000000000001,0.43346928299537746,0.3128087793536146,0.12828571428571428,0.7446808510638298,1
81.11,69.9,1429.492,0.009408131871313475,0.6468659332989403,0.3446405056969475,0.46028571428571424,-1.0,0.9550000000000001,0.43539049607692565,0.3136209651117263,0.13007142857142856,0.7446808510638298,1
80.96,69.73,1429.458,0.009390181900350243,0.6466959404081378,0.34397436760436373,0.4559999999999998,-1.0,0.9550000000000001,0.43423575607999226,0.31312796879767446,0.12899999999999995,0.7446808510638298,1
82.09,71.03,1429.73,0.009533775634996753,0.6480403411111839,0.3490912685561691,0.4882857142857144,-1.0,0.9550000000000001,0.4429888340035871,0.3170618810867204,0.1370714285714286,0.7446808510638298,0
73.99,75.4,1430.41,0.0069569226924506315,0.6169728882582466,0.3166090646318912,0.2971428571428573,1.0,0.95,0.38178531111377095,0.24291285077395675,0.08928571428571433,0.7446808510638298,1
75.37,76.09,1430.574,0.00704330695774261,0.6183179703638721,0.32089253848618765,0.31685714285714295,1.0,0.95,0.3875298528671807,0.2455243530074832,0.09421428571428574,0.7446808510638298,1
74.6,75.7,1430.48,0.006993794635157594,0.6175503649048224,0.3184804222552488,0.30571428571428577,1.0,0.95,0.3842820524501076,0.24402863870593916,0.09142857142857144,0.7446808510638298,1
75.84,76.33,1430.634,0.007074909711396639,0.6188032833156484,0.32238234831160156,0.3237142857142857,-1.0,0.9550000000000001,0.3897016732172208,0.2464774907653985,0.09592857142857142,0.7446808510638298,1
76.8,76.84,1430.764,0.007143380054849222,0.6198425855555387,0.3254975467024521,0.33828571428571436,-2.0,0.9550000000000001,0.39605491316221736,0.24853842501986279,0.11457142857142859,0.7446808510638298,1
75.84,76.33,1430.634,0.007074909711396639,0.6188032833156484,0.32238234831160156,0.3237142857142857,-2.0,0.9550000000000001,0.3918016732172208,0.2464774907653985,0.11092857142857142,0.7446808510638298,1
99.99,47.51,9564.7,0.00024355884121262202,0.10476797604514601,0.11120325835367033,0.9997142857142856,1.0,0.95,0.36244236829811666,0.009695050659978777,0.2649285714285714,0.7446808510638298,1
99.99,47.06,9564.664,0.0002407355002880186,0.1037214586513231,0.11161087381108004,0.9997142857142856,1.0,0.95,0.36232194492472497,0.009583205604910883,0.2649285714285714,0.7446808510638298,1
71.16,78.93,1436.91,0.008089778227404584,0.6326875895017987,0.3303706964813153,0.3980000000000002,1.0,0.95,0.4125986191528563,0.27645398117679987,0.11450000000000005,0.7446808510638298,0
54.45,54.23,839164.4400000001,0.0007881415361471279,0.2583346103255816,0.08957641197167956,0.043399999999999994,2.0,0.95,0.13616478925605313,0.031033908936210275,0.04085,0.7446808510638298,1
54.31,54.13,839161.792,0.0007857736514248083,0.2578252830070268,0.08903069588288028,0.04220000000000002,2.0,0.95,0.13566660950330425,0.030942128589634188,0.04055,0.7446808510638298,1
55.3,54.84,839179.8300000001,0.0008019034507588385,0.26127402861786586,0.09284534678808509,0.0507,2.0,0.95,0.13914937697932658,0.031567155297201444,0.042675,0.7446808510638298,1
43.96,44.01,273853.62,0.0008239162384304583,0.5159033783593638,0.097356553461048,0.06015,-1.0,0.9550000000000001,0.19004794472794764,0.03241949625750806,0.0300375,0.7659574468085106,0
42.48,43.33,273843.446,0.000851764611533644,0.5216357987178148,0.1026699512052563,0.07095000000000003,3.0,0.95,0.1989111553216803,0.033496717883747085,0.0627375,0.7659574468085106,0
43.1,43.62,273847.786,0.0008398850575300419,0.519207152342971,0.10042543092356881,0.0664,3.0,0.95,0.19687174123894943,0.0330373436317839,0.0616,0.7659574468085106,0
42.48,43.33,273843.446,0.000851764611533644,0.5216357987178148,0.1026699512052563,0.07095000000000003,3.0,0.95,0.1989111553216803,0.033496717883747085,0.0627375,0.7659574468085106,0
43.95,44.0,273853.532,0.0008241571106817704,0.5159535494267893,0.09740472695936271,0.06024999999999998,2.0,0.95,0.19202511971331038,0.03242881874436787,0.04506249999999999,0.7659574468085106,0
43.95,44.0,273853.532,0.0008241571106817704,0.5159535494267893,0.09740472695936271,0.06024999999999998,2.0,0.95,0.19202511971331038,0.03242881874436787,0.04506249999999999,0.7659574468085106,0
48.67,48.56,273705.84,0.0009979149953721889,0.29962438590414275,0.09427070942506596,0.013849999999999979,-1.0,0.9550000000000001,0.1366339181667931,0.03913042748907536,0.018462499999999993,0.7659574468085106,1
48.67,48.56,273705.84,0.0009979149953721889,0.29962438590414275,0.09427070942506596,0.013849999999999979,-1.0,0.9550000000000001,0.1366339181667931,0.03913042748907536,0.018462499999999993,0.7659574468085106,1
48.13,48.39,273704.148,0.0010025482808754477,0.3004582234847235,0.09567549231075119,0.01739999999999998,-1.0,0.9550000000000001,0.1379153286012022,0.0393084903106814,0.019349999999999996,0.7659574468085106,1
45.62,47.54,273695.662,0.00102578612126411,0.3045941160540711,0.10239342407865372,0.034200000000000015,-2.0,0.9524999999999999,0.1460548822820793,0.04020105126123541,0.03855,0.7659574468085106,1
48.28,48.44,273704.61600000004,0.001001266732389757,0.3002278963566777,0.0952813307019201,0.016400000000000005,-1.0,0.9550000000000001,0.1375557245356939,0.03925924213843546,0.0191,0.7659574468085106,1
48.13,48.39,273704.148,0.0010025482808754477,0.3004582234847235,0.09567549231075119,0.01739999999999998,-1.0,0.9550000000000001,0.1379153286012022,0.0393084903106814,0.019349999999999996,0.7659574468085106,1
49.02,58.04,3941.732,2.942782167145599e-05,0.014430799506099965,0.0179896330076604,0.04509999999999998,1.0,0.95,0.06480350530851542,0.0011764203412611973,0.026274999999999993,0.7659574468085106,1
49.02,58.04,3941.732,2.942782167145599e-05,0.014430799506099965,0.0179896330076604,0.04509999999999998,1.0,0.95,0.06480350530851542,0.0011764203412611973,0.026274999999999993,0.7659574468085106,1
71.56,80.58,840205.3120000002,0.0010050261625491322,0.5509028940219961,0.1722954754583651,0.4451428571428571,1.0,0.95,0.34819872344127206,0.03940370478743627,0.12628571428571428,0.7659574468085106,0
49.32,58.27,3941.772,2.181712278858081e-05,0.010752173731264306,0.016902939346735618,0.04475000000000001,1.0,0.95,0.06370739438625035,0.0008723042328113717,0.026187500000000002,0.7659574468085106,1
71.79,80.65,840207.5160000001,0.0010069948550493427,0.5512555609222191,0.1728893105991843,0.4471428571428573,1.0,0.95,0.34884782859675634,0.03947934655797403,0.12678571428571433,0.7659574468085106,0
72.31,80.79,840212.4820000001,0.0010114306563553989,0.5520481534486777,0.1742017354318687,0.45114285714285735,1.0,0.95,0.3501949620244552,0.039649758590009965,0.12778571428571434,0.7659574468085106,1
69.63,58.33,1435.542,0.0013218037634088128,0.6013188391807336,0.15233522323192109,0.13979999999999995,2.0,0.95,0.2409103396612099,0.0514987298905758,0.06494999999999998,0.7659574468085106,1
68.7,57.68,1435.444,0.0012705576258741664,0.5939445584911665,0.1471427958991712,0.1319,2.0,0.95,0.2363350989504936,0.049552454728789774,0.062975,0.7659574468085106,1
68.72,57.69,1435.446,0.0012716034829239383,0.3440977824096371,0.1472459758971332,0.13204999999999997,-1.0,0.9550000000000001,0.1844926044370809,0.04959221518773527,0.04801249999999999,0.7659574468085106,1
69.44,58.2,1435.522,0.001311345510245533,0.5998357384746542,0.15128533188321083,0.1382,2.0,0.95,0.23998599602335796,0.051101860228755736,0.06455,0.7659574468085106,1
68.72,57.69,1435.446,0.0012716034829239383,0.3440977824096371,0.1472459758971332,0.13204999999999997,-1.0,0.9550000000000001,0.1844926044370809,0.04959221518773527,0.04801249999999999,0.7659574468085106,1
0.89,67.12,3937.394,0.0013471713776238806,0.6048709927187896,0.21378833334409178,0.9745714285714285,2.0,0.95,0.4859223307735386,0.05246069032731815,0.27364285714285713,0.7659574468085106,0
73.74,74.4,1446.716,0.006156704026494841,0.8530699376510948,0.30448262432419404,0.26857142857142874,-1.0,0.9550000000000001,0.41687155528013703,0.2182874280553958,0.08214285714285718,0.7659574468085106,0
73.03,74.0,1446.6919999999998,0.006144211091850156,0.6028298098414088,0.3025700318867303,0.2571428571428571,1.0,0.95,0.3637094393707757,0.21789669507260523,0.07928571428571428,0.7659574468085106,0
63.02,69.31,1446.9199999999996,0.0062628897615258266,0.6050797403338525,0.2810560094176603,0.16165000000000002,3.0,0.95,0.29296141264000514,0.2216006556855019,0.0854125,0.7659574468085106,1
63.86,69.95,1447.06,0.006335757966465444,0.6064274184048764,0.2843415164286609,0.16905,3.0,0.95,0.2957917114750539,0.22386617491305005,0.08726249999999999,0.7659574468085106,1
63.08,69.36,1446.9299999999998,0.006268094750948713,0.6051768437347389,0.2812977730296248,0.16219999999999998,3.0,0.95,0.2931700702306271,0.22176270123016728,0.08554999999999999,0.7659574468085106,1
62.99,69.28,1446.9139999999998,0.006259766759184839,0.6050214156026796,0.2809203537746929,0.16135,1.0,0.95,0.2886449108360419,0.22150341189279588,0.0553375,0.7659574468085106,1
66.34,65.87,1446.35,0.005293542795263048,0.584401573096083,0.26698153075412945,0.16105000000000003,-2.0,0.9550000000000001,0.280923624878626,0.19082632941994515,0.0702625,0.7659574468085106,0
65.43,65.18,1446.196,0.005213403392170112,0.5824247875061261,0.26321312224411214,0.15305000000000007,-1.0,0.9550000000000001,0.2755960073450653,0.18822829975538025,0.05326250000000002,0.7659574468085106,0
79.0,70.52,3946.326,0.0008229605224948297,0.26570421059426164,0.15620294594929457,0.4,4.0,0.95,0.2833293695061364,0.03238250626621686,0.16,0.7659574468085106,1
79.09,70.64,3946.344,0.0008263832980540245,0.26641674828862416,0.1567707939186925,0.4025714285714287,4.0,0.95,0.2841716151750757,0.032514974698143795,0.16064285714285717,0.7659574468085106,1
79.0,70.52,3946.326,0.0008229605224948297,0.26570421059426164,0.15620294594929457,0.4,4.0,0.95,0.2833293695061364,0.03238250626621686,0.16,0.7659574468085106,1
79.06,70.6,3946.338,0.0008252423737356331,0.2661794689847218,0.15658156887908894,0.4017142857142858,2.0,0.95,0.27969092726288514,0.032470820602899964,0.13042857142857145,0.7659574468085106,1
66.28,55.67,9565.128,2.6660050792398152e-05,0.013097243282104869,0.03795381174977469,0.10975,-3.0,0.9537500000000001,0.08754410002469225,0.0010658336271165414,0.0724375,0.7659574468085106,1
73.16,77.13,3957.444,0.0029452667979869194,0.4969218269397313,0.24782504878986494,0.3465714285714284,5.0,0.95,0.3484753082056356,0.11113567633885801,0.1616428571428571,0.7659574468085106,1
53.16,60.95,1444.374,0.0023856013085934045,0.4604695230794915,0.1743234266478036,0.07054999999999999,5.0,0.95,0.21259000530997665,0.09101260550561796,0.0926375,0.7659574468085106,0
53.16,60.95,1444.374,0.0023856013085934045,0.4604695230794915,0.1743234266478036,0.07054999999999999,5.0,0.95,0.21259000530997665,0.09101260550561796,0.0926375,0.7659574468085106,0
53.16,60.95,1444.374,0.0023856013085934045,0.4604695230794915,0.1743234266478036,0.07054999999999999,3.0,0.95,0.20839000530997664,0.09101260550561796,0.0626375,0.7659574468085106,0
60.48,63.18,1440.8780000000002,0.00039127484838089277,0.405163135879957,0.08066680845698464,0.11829999999999997,-2.0,0.9524999999999999,0.17706204668504613,0.015529153598613177,0.05957499999999999,0.7659574468085106,1
59.17,62.2,1440.736,0.00046517065102727597,0.4275306323082344,0.08383266731685793,0.10685000000000001,1.0,0.95,0.17788271949463452,0.018434787734821323,0.0417125,0.7659574468085106,1
46.02,40.77,273934.824,0.000545196765072573,0.19993067698301398,0.07792716130417106,0.06604999999999996,-1.0,0.9550000000000001,0.12259103448929223,0.021571798185821223,0.031512499999999985,0.7659574468085106,0
45.92,40.7,273934.12399999995,0.0005432795531790336,0.19941454621338017,0.078033250793667,0.06689999999999997,6.0,0.95,0.13302335018260816,0.021496761141200027,0.10672499999999999,0.7659574468085106,1
45.83,40.64,273933.552,0.0005417129153556147,0.19899207349920028,0.07813719628829244,0.06765,-1.0,0.9550000000000001,0.12278681359885388,0.021435440812511808,0.031912499999999996,0.7659574468085106,0
46.82,41.3,273940.39,0.0005604412512744636,0.20400044805735498,0.07710990536998512,0.059400000000000015,-1.0,0.9550000000000001,0.1218268127632275,0.022168241726717164,0.02985,0.7659574468085106,0
60.53,58.44,1436.018,0.003813349150026237,0.538269137179806,0.21939417556782387,0.09484999999999998,1.0,0.95,0.2398280208192469,0.14147026736064905,0.0387125,0.7659574468085106,0
58.71,57.03,1435.788,0.003933171807007817,0.5429386295958925,0.2168282885419672,0.0787,2.0,0.95,0.23910225699471482,0.1455752745913519,0.049675,0.7659574468085106,0
56.8,55.54,1435.5300000000002,0.004067592946545341,0.7979378142760857,0.21421571124540306,0.06169999999999998,-2.0,0.9524999999999999,0.2862699511934402,0.15015705559796255,0.04542499999999999,0.7659574468085106,0
56.24,55.1,1435.452,0.004108234264054337,0.7994021028667393,0.21345281616524026,0.056700000000000014,-2.0,0.9524999999999999,0.28541514826240355,0.15153748272385903,0.044175000000000006,0.7659574468085106,0
56.8,55.54,1435.5300000000002,0.004067592946545341,0.7979378142760857,0.21421571124540306,0.06169999999999998,-2.0,0.9524999999999999,0.2862699511934402,0.15015705559796255,0.04542499999999999,0.7659574468085106,0
56.58,59.63,1433.736,0.005209388555997327,0.8323245120459755,0.24052123845143716,0.08105,7.0,0.95,0.31707280342141386,0.18809792407147274,0.1252625,0.7659574468085106,1
27.88,35.35,273552.5,0.0007814289019345164,0.25688798627646614,0.13323928554432676,0.20342857142857146,-1.0,0.9550000000000001,0.2275299512804464,0.030773701406864862,0.06585714285714286,0.7659574468085106,0
27.78,35.26,273551.428,0.0007843664798295047,0.25752210298412137,0.13374753772316397,0.20628571428571427,-1.0,0.9550000000000001,0.22840215129272137,0.030887581826081312,0.06657142857142856,0.7659574468085106,0
28.37,35.73,273557.498,0.0007677330689713197,0.2539098669093721,0.1308892558638431,0.1894285714285714,-3.0,0.9524999999999999,0.22743449735606808,0.03024258147798886,0.09235714285714285,0.7659574468085106,0
28.35,35.71,273557.246,0.0007684236121785916,0.2540608844132286,0.13100188004069752,0.18999999999999995,-3.0,0.9524999999999999,0.2276167306826202,0.0302693674839718,0.09249999999999999,0.7659574468085106,0
19.34,35.47,273280.368,0.0016151596701101895,0.3888628131025443,0.19363294151739968,0.44742857142857145,8.0,0.95,0.3379559210522847,0.0625636219037633,0.23185714285714287,0.7659574468085106,0
60.43,61.82,840890.7639999999,0.0009831461138102562,0.5469457098222275,0.12395538945367965,0.11124999999999999,-3.0,0.9537500000000001,0.21699981922934353,0.038562621031747235,0.0728125,0.7872340425531915,1
18.38,26.95,9562.045999999998,0.0002588733655484703,0.11038601639226554,0.11625724983549349,0.47485714285714287,-2.0,0.9524999999999999,0.25161330694879486,0.010301506859112908,0.14871428571428572,0.7872340425531915,0
38.19,43.51,1427.89,0.006663795880119658,0.6121964565846653,0.26416469581353175,0.09150000000000003,-4.0,0.951875,0.27712513873881595,0.23398370391450107,0.082875,0.7872340425531915,1
55.08,67.05,841179.4839999999,0.0010883918266605648,0.5653671950233948,0.13019893191873103,0.11064999999999996,-4.0,0.953125,0.22445585143371133,0.04260159985493872,0.08766249999999999,0.7872340425531915,1
56.58,67.63,841196.292,0.0011033887197393502,0.5678709093766703,0.1343525562313913,0.12104999999999995,-1.0,0.9550000000000001,0.22199789596594413,0.04317574768667953,0.04526249999999998,0.7872340425531915,1
35.15,35.07,1426.4240000000002,0.0063304961332597215,0.6063309424007494,0.27793970184069994,0.1489,-2.0,0.9524999999999999,0.28659739854884975,0.22370280225154215,0.06722500000000001,0.7872340425531915,1
31.22,32.82,1425.962,0.006572402319638601,0.8606362820565705,0.29076693879849996,0.1798,1.0,0.95,0.34559520349319484,0.2311782207095694,0.059949999999999996,0.7872340425531915,0
14.97,20.4,9558.491999999998,0.0004911018955656718,0.18498622420808472,0.15409876616376764,0.5722857142857143,-3.0,0.9524999999999999,0.2993945257945699,0.019452388192645054,0.18807142857142856,0.7872340425531915,0
15.31,20.72,9558.535999999998,0.00048765060270910236,0.18400515238107643,0.15275988294268977,0.5625714285714285,1.0,0.95,0.2924942446443704,0.019317012569715408,0.15564285714285714,0.7872340425531915,0
47.15,39.86,273439.694,0.0006821364380723539,0.4844502019343036,0.0885399274913335,0.06495000000000001,1.0,0.95,0.18078982286710935,0.026916572110667447,0.0312375,0.7872340425531915,0
47.45,40.08,273442.46,0.0006745532265313173,0.4826523507109022,0.08714268645678913,0.06234999999999999,1.0,0.95,0.17951229808057337,0.02662136344110455,0.030587499999999997,0.7872340425531915,1
44.7,38.0,273415.034,0.000749745506252189,0.24994343943634872,0.10035638806678641,0.08649999999999998,1.0,0.95,0.1415679121374436,0.029544587508374187,0.03662499999999999,0.7872340425531915,1
42.55,44.18,3954.772,0.00014845031276988535,0.317540849557263,0.039093911526930536,0.06635,-1.0,0.9550000000000001,0.134328882846736,0.005920417358477703,0.031587500000000004,0.7872340425531915,0
46.06,47.97,3959.876,0.0012741359504829693,0.594468324523122,0.11526153643225483,0.02984999999999999,-4.0,0.9537500000000001,0.20990688659279635,0.04968848538694537,0.0674625,0.7872340425531915,1
45.65,47.78,3959.81,0.0012616248954914983,0.5926311347219446,0.11553290185509281,0.03285,-1.0,0.9550000000000001,0.20395318740041,0.049212790383212135,0.023212499999999997,0.7872340425531915,1
46.2,30.41,9557.764,0.00042125994792591485,0.1644467534367292,0.08303322441923607,0.13114285714285714,2.0,0.95,0.1309824008687284,0.016709224019705204,0.06278571428571428,0.7872340425531915,1
61.52,64.55,842274.576,0.0010386181265300794,0.5568455183380767,0.13339765806056844,0.13035,2.0,0.95,0.2232979013681687,0.04069357065677226,0.06258749999999999,0.7872340425531915,0
60.11,63.64,842254.4879999999,0.00102071836215554,0.5536986531736217,0.12865436841403663,0.11875,-1.0,0.9550000000000001,0.2170478374618768,0.04000647034552285,0.0446875,0.7872340425531915,0
58.77,34.81,9556.592,0.00041665901806798363,0.41304113595854197,0.08350488131455057,0.1198,1.0,0.95,0.17626128244397155,0.016528245291197785,0.044950000000000004,0.7872340425531915,1
59.72,63.4,842249.1900000001,0.0010159974508171807,0.3028612321786706,0.12737296691989172,0.11559999999999998,-2.0,0.9524999999999999,0.1678977296596835,0.03982517145458586,0.058899999999999994,0.7872340425531915,0
61.6,64.6,842275.752,0.0010396660153148601,0.30702836781846454,0.13366584288526273,0.13099999999999998,1.0,0.95,0.17144180234339224,0.04073377967201386,0.047749999999999994,0.7872340425531915,1
59.6,61.55,842387.9439999999,0.0010133902423767,0.5523974029054147,0.12411597358755345,0.10574999999999998,3.0,0.95,0.2169141908512712,0.03972503119625326,0.07143749999999999,0.7872340425531915,0
32.78,34.88,272906.88200000004,0.0009980195422443564,0.5496432349807644,0.14074438366922568,0.16169999999999998,-2.0,0.9524999999999999,0.2303195121809362,0.03913444571700819,0.07042499999999999,0.7872340425531915,1
32.52,34.71,272904.526,0.001004489982054101,0.5508067478563793,0.14182354147312318,0.16384999999999997,-1.0,0.9550000000000001,0.22927668850069702,0.03938310244662191,0.05596249999999999,0.7872340425531915,1
32.52,34.71,272904.526,0.001004489982054101,0.5508067478563793,0.14182354147312318,0.16384999999999997,-1.0,0.9550000000000001,0.22927668850069702,0.03938310244662191,0.05596249999999999,0.7872340425531915,1
32.09,34.44,272900.566,0.0010153656568205151,0.30274892262700764,0.14359819328001358,0.16735,2.0,0.95,0.18281029749330177,0.03980090584027285,0.0718375,0.7872340425531915,1
45.72,49.77,3968.104,0.0014073088451751234,0.3630442068901576,0.1198481232101355,0.02254999999999999,-3.0,0.9537500000000001,0.16145724551566898,0.05473725567162213,0.050637499999999995,0.7872340425531915,0
35.55,34.14,272888.63600000006,0.0009763437546252808,0.5457011984306539,0.13619150466786314,0.15155000000000002,2.0,0.95,0.2261061536193268,0.0383009837429209,0.0678875,0.7872340425531915,1
32.31,37.72,272663.114,0.0015736569847483253,0.3839864839888383,0.1678258118590238,0.14984999999999998,1.0,0.95,0.2007063525045899,0.061006084339767175,0.052462499999999995,0.7872340425531915,1
32.24,37.66,272662.238,0.0015760640236491881,0.3842728918023647,0.16814073334321178,0.1505,1.0,0.95,0.2009861974989519,0.06109648778291199,0.052625,0.7872340425531915,1
32.82,38.11,272669.14200000005,0.0015570935843018596,0.38200341468875465,0.16564674844509586,0.14535,1.0,0.95,0.19876947755141033,0.06038376091701525,0.0513375,0.7872340425531915,1
32.11,37.56,272660.66000000003,0.0015804000007249273,0.38478768999634866,0.16870113777848167,0.15164999999999998,3.0,0.95,0.20568393047768516,0.06125931622630798,0.0829125,0.7872340425531915,1
31.29,36.93,272650.45600000006,0.0016084385224569404,0.6380819527642486,0.17225652665316188,0.15889999999999999,-4.0,0.9524999999999999,0.26102233936362895,0.06231156209014843,0.099725,0.7872340425531915,1
39.05,36.05,272464.194,0.002079797992063652,0.435736457058721,0.1806654376254933,0.12450000000000003,3.0,0.95,0.21439315810183718,0.07982546933124235,0.076125,0.7872340425531915,1
56.1,48.52,3957.186,0.0013520356306498775,0.3555448999619782,0.12187413652585245,0.03789999999999999,2.0,0.95,0.16135149969054774,0.05264503523090447,0.039474999999999996,0.7872340425531915,0
47.35,38.32,272120.69,0.002764143373355631,0.4861720980046008,0.18626687749711432,0.07164999999999998,2.0,0.95,0.21434964639670748,0.10467252603755883,0.0479125,0.7872340425531915,0
46.84,37.99,272114.934,0.0027799784666901473,0.48714821026424454,0.18804021373231233,0.07584999999999997,2.0,0.95,0.2159188234810597,0.10523945023725845,0.04896249999999999,0.7872340425531915,0
51.77,44.87,3956.356,0.00150921072821678,0.37614781695043975,0.12856260480807957,0.03450000000000003,4.0,0.95,0.17102130273690644,0.05858237599255245,0.068625,0.7872340425531915,0
53.17,46.05,3956.64,0.0014554284807189871,0.3693445358805253,0.12632253975879904,0.03560000000000002,1.0,0.95,0.1628973355309185,0.05655493374033149,0.023900000000000005,0.7872340425531915,0
50.26,41.56,3952.452,0.0024077537773616784,0.4621108278322632,0.16654423732479534,0.043499999999999976,4.0,0.95,0.20192332274591235,0.09181770135042033,0.070875,0.7872340425531915,1
71.33,57.1,841571.822,0.0006772472947576104,0.23329250301112697,0.112429117920335,0.1808571428571428,-1.0,0.9550000000000001,0.2113631655357538,0.026726251727755335,0.0602142857142857,0.7872340425531915,0
33.65,33.7,272037.36600000004,0.0023786809824435265,0.4599529440311788,0.20323088348933332,0.16324999999999998,-1.0,0.9550000000000001,0.2298249177123915,0.09076095110717353,0.055812499999999994,0.7872340425531915,1
32.99,33.3,272030.452,0.002397712558928088,0.46136917281827805,0.2055190161415496,0.16855,-1.0,0.9550000000000001,0.2318521678427551,0.09145285781232149,0.0571375,0.7872340425531915,1
33.71,33.73,272037.924,0.0023771450340883456,0.4598380405920184,0.20303903253341365,0.1628,-1.0,0.9550000000000001,0.22965467371634543,0.09070508762225793,0.0557,0.7872340425531915,1
32.99,33.3,272030.452,0.002397712558928088,0.46136917281827805,0.2055190161415496,0.16855,-1.0,0.9550000000000001,0.2318521678427551,0.09145285781232149,0.0571375,0.7872340425531915,1
33.63,36.24,271984.45,0.0022231189602455637,0.4478339902612731,0.19401417080864938,0.15064999999999998,5.0,0.95,0.230259420311818,0.08508558940015432,0.1126625,0.7872340425531915,0
26.68,32.8,271919.53,0.002192095137962738,0.445294959105316,0.20925518687125289,0.2377142857142857,-2.0,0.9524999999999999,0.29582072706217255,0.08394951895785874,0.08942857142857143,0.7872340425531915,1
36.2,39.9,1422.658,0.0015173846520964295,0.37716056130981895,0.15566393105486634,0.11949999999999998,1.0,0.95,0.1897277901261083,0.05889012871876764,0.044875,0.7872340425531915,1
36.05,39.8,1422.646,0.0015237044476589267,0.3779398269658861,0.1563549788311642,0.12075000000000002,1.0,0.95,0.1903372747085823,0.05912800353063108,0.045187500000000005,0.7872340425531915,1
35.44,39.38,1422.594,0.001551090535961463,0.38127937806490264,0.1592552089778413,0.12589999999999998,1.0,0.95,0.1928908987897944,0.06015811135820981,0.046474999999999995,0.7872340425531915,1
35.44,39.38,1422.594,0.001551090535961463,0.38127937806490264,0.1592552089778413,0.12589999999999998,1.0,0.95,0.1928908987897944,0.06015811135820981,0.046474999999999995,0.7872340425531915,1
33.4,38.2,271722.002,0.0020903486058679002,0.43665995325318774,0.18655313305629886,0.142,-1.0,0.9550000000000001,0.21447453551107246,0.08021372364327739,0.050499999999999996,0.8085106382978723,0
33.33,38.16,271721.27800000005,0.0020923441853915145,0.4368340164690008,0.1867991352304652,0.14255,1.0,0.95,0.2145258453962584,0.0802871409794037,0.0506375,0.8085106382978723,0
34.04,39.28,271628.09400000004,0.002109959121231982,0.43836212205747427,0.18456653613314608,0.1334,2.0,0.95,0.21448021665656047,0.08093494005395263,0.06334999999999999,0.8085106382978723,1
34.41,39.53,271632.154,0.002098764767653938,0.4373927381662692,0.18318407471392606,0.1303,2.0,0.95,0.21325511908006747,0.08052331433346271,0.06257499999999999,0.8085106382978723,0
34.63,39.67,271634.452,0.002092428690238583,0.4368413830852449,0.18238651705054232,0.12849999999999998,2.0,0.95,0.21254778906052785,0.08029024978192956,0.06212499999999999,0.8085106382978723,0
52.03,51.13,3953.88,0.0009504398010786281,0.2908987400935944,0.0918751354102177,0.015800000000000015,2.0,0.95,0.13396712848975936,0.037303995047423655,0.03395,0.8085106382978723,0
59.99,56.83,842815.22,0.000710908077853688,0.4911593063189986,0.09673268150866024,0.0841,-2.0,0.9524999999999999,0.18921143182176337,0.028035816171969152,0.051025,0.8085106382978723,1
60.03,56.86,842815.99,0.000711593605899082,0.4913170317551844,0.09689397469736019,0.08445,-1.0,0.9550000000000001,0.18734240276625144,0.02806246815483915,0.0361125,0.8085106382978723,1
45.85,44.34,3953.178,0.0005802087386262207,0.20918888854252427,0.07548693379975999,0.04904999999999997,3.0,0.95,0.12179170876610793,0.022941107210829426,0.057262499999999994,0.8085106382978723,1
44.16,43.42,3952.948,0.0006238282678518328,0.22029615481204023,0.0831055454377345,0.06210000000000001,-1.0,0.95,0.12458364022196029,0.024644374821270354,0.030525000000000004,0.8085106382978723,1
44.16,43.42,3952.948,0.0006238282678518328,0.22029615481204023,0.0831055454377345,0.06210000000000001,-1.0,0.95,0.12458364022196029,0.024644374821270354,0.030525000000000004,0.8085106382978723,1
62.56,55.31,843037.932,0.0009071853708488305,0.5326492036617444,0.11217375510851721,0.08935000000000001,-1.0,0.9550000000000001,0.2009354404824389,0.03563691860731122,0.0373375,0.8085106382978723,1
57.61,41.54,271702.47400000005,0.0007496203641664658,0.49991562224462816,0.09841440278903747,0.08034999999999999,1.0,0.95,0.1884970378633801,0.02953972970363905,0.035087499999999994,0.8085106382978723,1
57.09,41.25,271699.318,0.0007583277693140616,0.5018437911066804,0.09868632633095639,0.07920000000000002,1.0,0.95,0.18872771918773673,0.029877678477209457,0.034800000000000005,0.8085106382978723,1
50.45,44.91,271701.718,0.0005627785476825064,0.2046191101008314,0.06734096217734598,0.02770000000000003,1.0,0.95,0.11007795385229337,0.022259656759621382,0.021925000000000007,0.8085106382978723,1
50.45,44.91,271701.718,0.0005627785476825064,0.2046191101008314,0.06734096217734598,0.02770000000000003,1.0,0.95,0.11007795385229337,0.022259656759621382,0.021925000000000007,0.8085106382978723,1
58.76,55.31,9557.09,2.5112309572239506e-06,0.2512535168983183,0.022439710626388564,0.07035,4.0,0.95,0.12232554783426591,0.00010044419343313571,0.0775875,0.8085106382978723,0
49.87,44.57,271697.9060000001,0.0005732972042514394,0.4573860430173206,0.06824108723866654,0.02780000000000001,1.0,0.95,0.16090177397543434,0.022670950823699076,0.02195,0.8085106382978723,1
38.6,52.54,3945.108,0.0014379406240121893,0.36707871465977854,0.1361839093542184,0.06969999999999998,2.0,0.95,0.1729129895119986,0.0558947495779516,0.047424999999999995,0.8085106382978723,1
37.6,51.82,3944.946,0.0014687090307066346,0.3710474019637354,0.13812460214444358,0.07109999999999998,2.0,0.95,0.17456639162979407,0.05705597941982721,0.047775,0.8085106382978723,1
32.56,47.95,3943.982,0.0016518130898374704,0.3930625903460496,0.15488591402741697,0.09744999999999997,2.0,0.95,0.18920787779025103,0.06393702482083374,0.054362499999999994,0.8085106382978723,1
32.56,47.95,3943.982,0.0016518130898374704,0.3930625903460496,0.15488591402741697,0.09744999999999997,2.0,0.95,0.18920787779025103,0.06393702482083374,0.054362499999999994,0.8085106382978723,1
33.58,43.98,3939.93,0.0023317743857304576,0.45640233825104515,0.18563375291857598,0.11220000000000001,2.0,0.95,0.21443586690372646,0.08905337730331075,0.058050000000000004,0.8085106382978723,1
33.82,44.15,3939.980000000001,0.002322271293247771,0.7056723833320342,0.1846715550611353,0.11015,-1.0,0.95,0.2614904913764102,0.08870703908170696,0.0425375,0.8085106382978723,1
34.59,40.85,1414.5880000000002,0.002902996497161031,0.49449218828010005,0.20623968105298643,0.12279999999999998,3.0,0.95,0.23302450968276853,0.10963150256546794,0.07569999999999999,0.8085106382978723,0
0.0,53.29,3932.22,0.0036893356890083714,0.5332092453793491,0.27064771967338586,1.0,3.0,0.95,0.4470294035451827,0.13720091723632466,0.295,0.8085106382978723,1
0.0,51.05,3931.578,0.0038114888421625585,0.5381949800835957,0.2697660488997211,1.0,3.0,0.95,0.44815138650537895,0.1414063797991546,0.295,0.8085106382978723,1
0.0,51.05,3931.578,0.0038114888421625585,0.5381949800835957,0.2697660488997211,1.0,3.0,0.95,0.44815138650537895,0.1414063797991546,0.295,0.8085106382978723,1
62.92,59.02,271915.52400000003,0.000568269356425926,0.45606697865308177,0.09356666708468304,0.10970000000000002,3.0,0.95,0.18850887432677996,0.02247437658806628,0.072425,0.8085106382978723,0
65.11,60.67,271936.236,0.0006254179407109522,0.4706923384566484,0.10422599931206447,0.12890000000000001,1.0,0.95,0.1940987473113475,0.024706392704100022,0.047225,0.8085106382978723,0
31.34,42.64,1414.4500000000005,0.002503174366422131,0.468973020651739,0.19680702457620708,0.1301,-1.0,0.95,0.2218780156847032,0.09527746609089183,0.047525,0.8085106382978723,0
37.72,42.48,1413.886,0.0024964292630756274,0.46849870823580975,0.18682084875997357,0.09900000000000002,4.0,0.95,0.2189804405406681,0.0950333352789765,0.08475,0.8085106382978723,0
37.18,43.92,1413.66,0.0022095715633329064,0.6967304766081313,0.1758943470601361,0.09449999999999999,-1.0,0.95,0.25390144032058093,0.08458966669659573,0.03862499999999999,0.8085106382978723,1
51.84,56.03,3925.812,0.0036226371229758545,0.7803865522790608,0.19779763090850863,0.03935000000000002,-1.0,0.95,0.2680566958725206,0.13489594537340088,0.024837500000000005,0.8085106382978723,0
51.98,56.13,3925.842,0.003616919702149099,0.530141165880031,0.19804707175875735,0.040549999999999996,4.0,0.95,0.22460965486215562,0.1346980761906662,0.07013749999999999,0.8085106382978723,0
46.13,56.24,272451.344,0.002088114024669774,0.6864648134743885,0.15772972948403718,0.05055,4.0,0.95,0.24398289665857184,0.08013150648413614,0.0726375,0.8085106382978723,1
46.63,56.66,272458.088,0.0021067045087019396,0.6880809067430673,0.1582837672017454,0.05014999999999997,-2.0,0.9524999999999999,0.2402911199182844,0.08081528423905437,0.04253749999999999,0.8085106382978723,1
63.66,59.37,9558.906,0.00013831947487985628,0.31332074284076966,0.0532619203702592,0.11514999999999996,-1.0,0.9550000000000001,0.14606835460146894,0.005517501362397481,0.04378749999999999,0.8085106382978723,1
33.68,32.77,1410.898,0.0025796244310016666,0.4742393217740928,0.21100664024511026,0.16774999999999998,-1.0,0.95,0.23465492710590577,0.09803988404332986,0.056937499999999995,0.8085106382978723,1
34.98,33.73,1411.006,0.002522314138390769,0.7203102588973607,0.20568696111198204,0.15645,1.0,0.95,0.2799972886820273,0.09596984833606359,0.0541125,0.8085106382978723,1
34.91,33.67,1411.0,0.002525497986140683,0.4705314711687243,0.20599041531414425,0.15710000000000002,-2.0,0.9524999999999999,0.23244665343364337,0.09608497277970318,0.069275,0.8085106382978723,1
34.44,33.33,1410.962,0.002545662512026762,0.4719244075214749,0.2078887738049362,0.16115000000000002,1.0,0.95,0.23192656634995468,0.09681375954600813,0.0552875,0.8085106382978723,1
34.76,33.57,1410.9879999999998,0.0025318657018974554,0.7209728490037357,0.20658127698952775,0.15835,5.0,0.95,0.2891805689205675,0.09631517841924164,0.1145875,0.8085106382978723,1
35.29,33.95,1411.03,0.0025095788149133887,0.719421901418765,0.20445631653417007,0.15379999999999996,1.0,0.95,0.2789176611296237,0.09550920636094407,0.05344999999999999,0.8085106382978723,1
59.81,47.66,844253.0480000001,0.00018791203198696162,0.3334960716669089,0.041791255799042214,0.060750000000000026,1.0,0.95,0.13564545834821204,0.007488303178322497,0.030187500000000006,0.8085106382978723,1
58.07,45.94,844234.15,0.00017112162206319218,0.32679944706175373,0.03988181083587616,0.06065000000000001,1.0,0.95,0.13377302175399755,0.006821492153027298,0.030162500000000002,0.8085106382978723,1
59.02,46.87,844244.212,0.0001800614858999203,0.3303816500516963,0.04091653341874258,0.060750000000000026,2.0,0.95,0.1368877031104188,0.00717658388483744,0.045187500000000005,0.8085106382978723,1
59.08,46.94,844244.926,0.00018069585703942796,0.33063439450508014,0.04097172049197329,0.0607,2.0,0.95,0.13694276229237046,0.007201776306081653,0.045175,0.8085106382978723,1
59.83,47.68,844253.2280000001,0.00018807195667274335,0.33355921496532676,0.041809013947695386,0.060749999999999985,6.0,0.95,0.1461628568887358,0.007494652242865052,0.10518749999999999,0.8085106382978723,1
60.13,47.97,844256.5880000001,0.0001910572143411803,0.33473569642746287,0.04215576880638015,0.060800000000000014,2.0,0.95,0.1381016050106328,0.007613160535182684,0.045200000000000004,0.8085106382978723,1
37.53,44.51,9558.87,5.393187708212107e-05,0.026030039288172213,0.035136507915839554,0.08979999999999999,3.0,0.95,0.08257419411325088,0.002154949837757658,0.06745,0.8085106382978723,0
37.53,44.51,9558.87,5.393187708212107e-05,0.026030039288172213,0.035136507915839554,0.08979999999999999,7.0,0.95,0.09097419411325088,0.002154949837757658,0.12745,0.8085106382978723,0
39.06,45.57,9558.924,5.816892590874245e-05,0.027998693662892316,0.031595197126478014,0.07684999999999997,2.0,0.95,0.07724728859056017,0.002324052235408214,0.04921249999999999,0.8085106382978723,0
39.88,46.14,9558.954000000002,6.0522836752255627e-05,0.02908776885230424,0.02970374295489159,0.06989999999999998,3.0,0.95,0.07762441928222133,0.0024179854224020136,0.06247499999999999,0.8085106382978723,0
37.65,44.59,9558.874,5.424573296108635e-05,0.02617623382070007,0.03486145479254707,0.08879999999999998,2.0,0.95,0.08022342243838844,0.0021674769405349847,0.052199999999999996,0.8085106382978723,0
39.88,46.14,9558.954000000002,6.0522836752255627e-05,0.02908776885230424,0.02970374295489159,0.06989999999999998,3.0,0.95,0.07762441928222133,0.0024179854224020136,0.06247499999999999,0.8085106382978723,0
61.9,65.87,3943.93,0.002790522647729229,0.48779418211545633,0.20814077825137683,0.13885,-1.0,0.9550000000000001,0.22996081260251966,0.10561675135397275,0.0497125,0.8297872340425532,1
61.83,65.82,3943.912,0.002787093303106634,0.48758443764571885,0.2078545660368724,0.13824999999999993,-1.0,0.9550000000000001,0.22971135722905883,0.10549405700356962,0.04956249999999998,0.8297872340425532,1
61.9,65.87,3943.93,0.002790522647729229,0.48779418211545633,0.20814077825137683,0.13885,-1.0,0.9550000000000001,0.22996081260251966,0.10561675135397275,0.0497125,0.8297872340425532,1
61.05,65.17,3943.716,0.0027497510425826717,0.48527861074038087,0.20453708030733456,0.1311,-1.0,0.9550000000000001,0.22680977620677226,0.10415694367694561,0.047775,0.8297872340425532,1
61.45,65.5,3943.816,0.002768803332581926,0.486460100793737,0.20623195862871935,0.13475,-1.0,0.9550000000000001,0.2282921913656724,0.10483939806565268,0.0486875,0.8297872340425532,1
60.56,64.78,3943.598,0.0027272690288420555,0.4838707349060859,0.20250344078215834,0.1267,-1.0,0.9550000000000001,0.22502964942736833,0.10335096709566294,0.046675,0.8297872340425532,0
66.1,70.47,845175.712,0.0009025956556537742,0.28175641629391257,0.14125614980055964,0.18284999999999996,1.0,0.95,0.22638173033734765,0.03545985627896664,0.06071249999999999,0.8297872340425532,0
65.4,70.02,845167.356,0.000895176151322216,0.28030594456321595,0.1389568570564604,0.17709999999999998,1.0,0.95,0.22428065182280169,0.035173557406181444,0.059274999999999994,0.8297872340425532,0
65.85,70.31,845172.6599999999,0.0008998857117020085,0.2812276770037747,0.14043236946724777,0.1808,1.0,0.95,0.22562916042684025,0.035355296622904375,0.0602,0.8297872340425532,0
65.78,70.26,845171.822,0.0008991416305594898,0.2810822897364149,0.14019446090249452,0.1802,-2.0,0.9524999999999999,0.22759502134039358,0.03532658523831389,0.07505,0.8297872340425532,0
65.93,70.36,845173.6880000001,0.0009007984980886477,0.28140590478724126,0.14069714758692742,0.18145000000000003,1.0,0.95,0.2258709203273893,0.03539051656206227,0.060362500000000006,0.8297872340425532,0
65.39,70.02,845167.32,0.0008951441859297329,0.28029967606593,0.13893901756371552,0.17704999999999996,1.0,0.95,0.2242642679536437,0.035172323763156155,0.05926249999999999,0.8297872340425532,0
22.96,24.62,271622.89,0.0020073356934457334,0.6792437056702835,0.22120305603693594,0.344,-3.0,0.9524999999999999,0.36733259908584337,0.07715448181844076,0.131,0.8297872340425532,1
22.41,24.12,271615.092,0.002028838694826795,0.6811982362216706,0.22366506688874946,0.3597142857142857,-1.0,0.9550000000000001,0.3676397658962502,0.07794789849080874,0.10492857142857143,0.8297872340425532,1
22.61,24.3,271618.05,0.0020206819673502987,0.6804596352545054,0.22276074977677102,0.35400000000000004,-1.0,0.9550000000000001,0.3660223672721142,0.07764701230009907,0.10350000000000001,0.8297872340425532,1
22.42,24.13,271615.236,0.002028441611732772,0.6811623589691407,0.22361870837284045,0.3594285714285714,-1.0,0.9550000000000001,0.36755886420102857,0.07793325312244781,0.10485714285714284,0.8297872340425532,1
22.13,23.86,271610.938,0.002040293484309,0.6822297346290263,0.22494328334510447,0.3677142857142857,-1.0,0.9550000000000001,0.36990662790610795,0.0783702782265766,0.10692857142857143,0.8297872340425532,1
22.67,24.36,271618.92000000004,0.002018282938292587,0.6802417486792692,0.22248163712059849,0.35228571428571426,-1.0,0.9550000000000001,0.3655361503460814,0.0775584979884405,0.10307142857142856,0.8297872340425532,1
22.13,19.05,270765.854,0.003923430833354221,0.5425667285952603,0.2843241345058625,0.4557142857142857,1.0,0.95,0.3803285254591133,0.14524229257461607,0.12892857142857142,0.8297872340425532,1
22.26,19.15,270768.416,0.003916352910928598,0.5422956612132709,0.283816141839665,0.4528571428571429,1.0,0.95,0.3795187455797666,0.14500026196492077,0.12821428571428573,0.8297872340425532,1
21.92,18.89,270761.806,0.003934614129277044,0.5429935827569681,0.28513662510802085,0.46028571428571424,1.0,0.95,0.3816223331650022,0.1456245674017692,0.13007142857142856,0.8297872340425532,1
21.85,18.83,270760.296,0.003938785785196619,0.5431523607599982,0.2854269425719269,0.462,1.0,0.95,0.3821037407470482,0.1457671219209079,0.1305,0.8297872340425532,1
21.85,18.83,270760.296,0.003938785785196619,0.5431523607599982,0.2854269425719269,0.462,1.0,0.95,0.3821037407470482,0.1457671219209079,0.1305,0.8297872340425532,1
22.07,19.01,270764.784,0.003926386884209976,0.5426797288867125,0.28454241436060373,0.4568571428571428,1.0,0.95,0.38065731195346186,0.1453433548896914,0.1292142857142857,0.8297872340425532,1
50.33,38.51,9555.846,0.00021605139449429146,0.09442522898241648,0.044360442914120904,0.0591,2.0,0.95,0.08900587036445662,0.008604820555885073,0.044774999999999995,0.8297872340425532,0
49.32,37.96,9555.782,0.00022107378245954712,0.0963383084063437,0.04631815889953111,0.06359999999999999,2.0,0.95,0.09084176983327635,0.008803967400083157,0.045899999999999996,0.8297872340425532,0
24.2,23.59,270360.27,0.004204399815114204,0.5527838096096921,0.27956021689490945,0.326,2.0,0.95,0.35620424086063157,0.15479492824751717,0.1115,0.8297872340425532,0
44.65,48.93,844848.286,0.0001100987708481456,0.051285101033032875,0.023848292728698105,0.032100000000000004,2.0,0.95,0.06931308449859995,0.004394267662404361,0.038025,0.8297872340425532,0
44.65,48.93,844848.286,0.0001100987708481456,0.051285101033032875,0.023848292728698105,0.032100000000000004,2.0,0.95,0.06931308449859995,0.004394267662404361,0.038025,0.8297872340425532,0
44.65,48.93,844848.286,0.0001100987708481456,0.051285101033032875,0.023848292728698105,0.032100000000000004,2.0,0.95,0.06931308449859995,0.004394267662404361,0.038025,0.8297872340425532,0
56.08,46.09,3941.714,0.00013333541392416214,0.3112253671784801,0.03219149740798074,0.049949999999999974,-1.0,0.9550000000000001,0.12528191963577853,0.005319219142337572,0.02748749999999999,0.8297872340425532,0
56.66,46.66,3941.796,0.00014893906920439618,0.3177431349584032,0.03401148325454065,0.049999999999999996,-1.0,0.9550000000000001,0.12708267039796664,0.005939851680201391,0.027499999999999997,0.8297872340425532,0
58.45,43.97,3944.402,0.0007025007148053188,0.48921696486285143,0.09242455916280296,0.0724,-1.0,0.9550000000000001,0.1819540980603118,0.027708894973607956,0.033100000000000004,0.8297872340425532,1
51.92,42.61,845129.6240000001,7.159059325480495e-05,0.28416471514372216,0.02373363160428805,0.04655000000000001,-1.0,0.9550000000000001,0.11691212610221288,0.002859527470739587,0.0266375,0.8297872340425532,0
51.92,42.61,845129.6240000001,7.159059325480495e-05,0.28416471514372216,0.02373363160428805,0.04655000000000001,-1.0,0.9550000000000001,0.11691212610221288,0.002859527470739587,0.0266375,0.8297872340425532,0
51.11,42.12,845123.2380000001,6.592313409438216e-05,0.28157393201128006,0.022531750635490223,0.044950000000000004,-1.0,0.9550000000000001,0.11574343198395357,0.0026334517299967386,0.0262375,0.8297872340425532,0
41.14,40.92,9561.444,0.00033792924075560176,0.13789808929885966,0.06655015032745716,0.08969999999999997,-2.0,0.9524999999999999,0.1100740177305787,0.013426222934628251,0.05242499999999999,0.8297872340425532,0
41.93,41.43,9561.494000000002,0.00034185212078849,0.1392017783065061,0.06489175733634923,0.0832,-2.0,0.9524999999999999,0.1085516249164484,0.013581019212207002,0.0508,0.8297872340425532,0
62.44,75.49,1412.982,0.001636807396186054,0.3913550920060147,0.18319558405955008,0.29971428571428554,1.0,0.95,0.2857259630440248,0.0633750051980626,0.08992857142857139,0.8297872340425532,1
64.5,76.74,1413.136,0.0017186363051552925,0.40047309066945946,0.1919812756973528,0.3354285714285713,-2.0,0.9550000000000001,0.29984822352395385,0.0664357134346798,0.11385714285714282,0.8297872340425532,0
64.07,76.47,1413.102,0.0017005705665899303,0.3985001731429909,0.19010152107665892,0.3277142857142857,-2.0,0.9550000000000001,0.29728993828570566,0.06576084849197295,0.11192857142857142,0.8297872340425532,0
63.46,76.11,1413.056,0.001676128338478069,0.39579516942974813,0.18751194223466286,0.3174285714285714,-2.0,0.9550000000000001,0.29384290268058616,0.06484700637993146,0.10935714285714285,0.8297872340425532,1
40.64,56.34,270171.582,0.0015837592993182905,0.6351855346658548,0.14586501173771024,0.07850000000000001,-3.0,0.9524999999999999,0.23209581156064127,0.06138544816216285,0.064625,0.8297872340425532,0
40.64,56.34,270171.582,0.0015837592993182905,0.6351855346658548,0.14586501173771024,0.07850000000000001,-3.0,0.9524999999999999,0.23209581156064127,0.06138544816216285,0.064625,0.8297872340425532,0
39.83,55.72,270166.84,0.0015969093037392136,0.6367345990269483,0.14676356436802956,0.07944999999999999,-3.0,0.9524999999999999,0.23286501359188577,0.06187902975902748,0.06486249999999999,0.8297872340425532,0
38.78,54.89,270160.358,0.0016148846754282433,0.6388309304435704,0.14792339750807584,0.08054999999999998,2.0,0.95,0.23166974893447012,0.06255331024630473,0.050137499999999995,0.8297872340425532,0
39.83,55.72,270166.84,0.0015969093037392136,0.6367345990269483,0.14676356436802956,0.07944999999999999,-3.0,0.9524999999999999,0.23286501359188577,0.06187902975902748,0.06486249999999999,0.8297872340425532,0
38.79,54.91,270160.45599999995,0.0016146129079469037,0.6387994164123658,0.14792685459679888,0.08059999999999999,1.0,0.95,0.2295742105690091,0.062543119489884,0.03515,0.8297872340425532,0
59.21,58.59,845497.644,0.0002894731043158376,0.3713233256835582,0.06148056544246128,0.08900000000000001,-4.0,0.953125,0.15945957184702872,0.011512146416828073,0.08225,0.8297872340425532,0
59.21,58.59,845497.644,0.0002894731043158376,0.3713233256835582,0.06148056544246128,0.08900000000000001,-4.0,0.953125,0.15945957184702872,0.011512146416828073,0.08225,0.8297872340425532,1
52.78,59.4,845629.108,0.00038709602088402007,0.403845915867605,0.0622327518253373,0.06089999999999999,-4.0,0.953125,0.16041130950166196,0.01536458249099848,0.075225,0.8297872340425532,0
52.51,59.27,845627.21,0.00038541222349713087,0.4033135109767617,0.061445040687482154,0.058899999999999994,-1.0,0.9550000000000001,0.15344297230680315,0.015298263195936856,0.029724999999999998,0.8297872340425532,1
52.78,59.4,845629.108,0.00038709602088402007,0.403845915867605,0.0622327518253373,0.06089999999999999,-4.0,0.953125,0.16041130950166196,0.01536458249099848,0.075225,0.8297872340425532,0
55.99,61.03,845654.168,0.0004093276468550206,0.41078735132073235,0.07192036614937962,0.08510000000000001,-1.0,0.9550000000000001,0.16316014104182675,0.01623979513811269,0.036275,0.8297872340425532,1
45.04,39.06,9562.254,0.00018184165906130222,0.08109041868548794,0.04700825640072979,0.07949999999999999,-5.0,0.953125,0.09637935100112022,0.007247277271852592,0.09487499999999999,0.851063829787234,0
50.93,49.73,270112.742,0.0004735296931152004,0.42995537187778676,0.05287869513779856,0.006000000000000013,-5.0,0.9524999999999999,0.15265916587494752,0.01876293066940693,0.0765,0.851063829787234,0
50.93,49.73,270112.742,0.0004735296931152004,0.42995537187778676,0.05287869513779856,0.006000000000000013,1.0,0.95,0.1441758325416142,0.01876293066940693,0.016500000000000004,0.851063829787234,0
64.54,60.11,1412.968,0.0009928685612758373,0.29871266882028036,0.12833781704090955,0.12325000000000001,-5.0,0.9540630000000001,0.17139554601166895,0.03893644931285778,0.1058125,0.851063829787234,1
51.09,49.83,270113.884,0.00047035979953814804,0.4290382902332357,0.052692242413142,0.006300000000000024,1.0,0.95,0.14400221359307186,0.018638506097975127,0.016575000000000006,0.851063829787234,0
48.44,48.1,270093.228,0.000527696492860288,0.44518323922676206,0.06112734951937147,0.017300000000000003,1.0,0.95,0.15180048045044475,0.020886648012631404,0.019325000000000002,0.851063829787234,0
45.82,42.7,3950.498,0.0014333901965946426,0.36648470724896853,0.13209428696621947,0.05739999999999998,-6.0,0.95,0.1750012384524095,0.055722890641130896,0.10435,0.851063829787234,1
39.52,45.62,269925.3,0.0007767353511137934,0.5058714226712195,0.0984734357739432,0.07429999999999999,1.0,0.95,0.18593258358414552,0.030591719809032636,0.033574999999999994,0.851063829787234,1
43.44,47.56,269852.958,0.000881597086644662,0.2776279072103804,0.09653311786800207,0.04499999999999999,-6.0,0.95,0.14434331520418903,0.034649357429497596,0.10124999999999999,0.851063829787234,1
42.87,47.06,269847.108,0.0008978464691535157,0.2808290107509903,0.09929852971522442,0.05034999999999999,-1.0,0.9550000000000001,0.136514331438567,0.03527660763269702,0.027587499999999997,0.851063829787234,1
42.87,47.06,269847.108,0.0008978464691535157,0.2808290107509903,0.09929852971522442,0.05034999999999999,-1.0,0.9550000000000001,0.136514331438567,0.03527660763269702,0.027587499999999997,0.851063829787234,1
42.74,46.94,269845.676,0.000901824122588363,0.2816060033623002,0.09995507741705771,0.0516,-1.0,0.9550000000000001,0.13710832990546007,0.035430088835085694,0.0279,0.851063829787234,0
43.75,46.51,269790.09,0.0009289128719110855,0.5368298249764545,0.10082240474831973,0.04870000000000001,1.0,0.95,0.1876546536142623,0.03647468249927588,0.027175,0.851063829787234,0
15.1,40.14,1410.694,0.00013254129866383167,0.06089032729477256,0.08673758291617463,0.5685714285714285,2.0,0.95,0.25046378922056867,0.005287622993031094,0.17214285714285713,0.851063829787234,1
16.92,42.72,1410.882,3.2602655840729723e-05,0.015954554030923183,0.06764359856797293,0.5165714285714286,1.0,0.95,0.2232953289853177,0.0013032562566218653,0.14414285714285713,0.851063829787234,0
15.28,40.4,1410.7140000000002,0.00012190921165834667,0.056373012796612706,0.08480164992829861,0.5634285714285714,1.0,0.95,0.24585613814140356,0.004864498283923213,0.15585714285714286,0.851063829787234,0
15.28,40.4,1410.7140000000002,0.00012190921165834667,0.056373012796612706,0.08480164992829861,0.5634285714285714,1.0,0.95,0.24585613814140356,0.004864498283923213,0.15585714285714286,0.851063829787234,0
60.55,59.83,9560.3,1.5480446104727283e-05,0.007661157627198529,0.034045867933374496,0.10189999999999998,-1.0,0.9550000000000001,0.07453076546901964,0.0006190261683848286,0.040475,0.851063829787234,0
61.06,60.19,9560.321999999998,1.3754577646481333e-05,0.006814799034926623,0.03518924116806703,0.10624999999999998,-2.0,0.9524999999999999,0.07758230044271834,0.0005500317828873724,0.056562499999999995,0.851063829787234,0
62.89,50.17,9560.772,2.374341630113882e-05,0.2616867197162903,0.023609369656337344,0.06530000000000001,3.0,0.95,0.1190218724038064,0.0009492857949345845,0.061325000000000005,0.851063829787234,0
64.77,52.03,9560.848,2.9705360478696732e-05,0.2645642559244551,0.030250833848971224,0.08399999999999998,-1.0,0.9550000000000001,0.12119755555649615,0.001187508771909318,0.03599999999999999,0.851063829787234,0
65.1,52.36,9560.862,3.080361076891836e-05,0.26509188240357257,0.03142831110205262,0.08729999999999996,-1.0,0.9550000000000001,0.1222986855435049,0.001231385652481043,0.03682499999999999,0.851063829787234,0
65.1,52.36,9560.862,3.080361076891836e-05,0.26509188240357257,0.03142831110205262,0.08729999999999996,-1.0,0.9550000000000001,0.1222986855435049,0.001231385652481043,0.03682499999999999,0.851063829787234,0
5.5,28.85,844879.834,0.0008608665968301415,0.2734800638415992,0.18415563360060958,0.8428571428571429,-3.0,0.9524999999999999,0.37980170378201245,0.033848537781183685,0.2557142857142857,0.851063829787234,0
5.43,28.67,844875.9439999999,0.0008643177719322216,0.2741756360522546,0.18478263824208518,0.8448571428571429,-2.0,0.9524999999999999,0.37843196854684263,0.033981902890494964,0.24121428571428571,0.851063829787234,0
23.09,37.06,3942.31,0.001092200276160337,0.566005755671629,0.15827012267021714,0.3402857142857143,-1.0,0.95,0.32047004097681686,0.042747436884722045,0.10007142857142858,0.851063829787234,1
20.25,33.63,3941.51,0.0012442921376472568,0.5900582213654236,0.17674515403465602,0.42142857142857143,-2.0,0.9524999999999999,0.3498080640105071,0.04855337123995207,0.13535714285714284,0.851063829787234,1
19.89,33.19,3941.3939999999993,0.0012663467372665152,0.5933264674146972,0.17919400211126585,0.4317142857142857,-2.0,0.9524999999999999,0.35332798379866537,0.04939235209605919,0.13792857142857143,0.851063829787234,1
20.41,33.83,3941.56,0.001234785944674608,0.588633252196323,0.17566140272100847,0.41685714285714287,-2.0,0.9524999999999999,0.3482511643823141,0.048191517036947684,0.13421428571428573,0.851063829787234,1
56.88,43.55,1409.2820000000002,0.0011959861641231597,0.33271299201348314,0.12255765653690813,0.06665000000000001,-4.0,0.951875,0.1630885765896736,0.046713171733579695,0.0766625,0.851063829787234,0
57.6,44.09,1409.3200000000002,0.0011757793702102427,0.32956174842935354,0.12170665056517034,0.06754999999999999,-3.0,0.9524999999999999,0.1603067536693044,0.04594234543783582,0.0618875,0.851063829787234,0
53.84,41.68,1408.2019999999998,0.0017155552656913568,0.4001381854626216,0.14615160241337338,0.060800000000000014,1.0,0.95,0.17618451074383162,0.06632065240831309,0.030200000000000005,0.851063829787234,1
28.14,32.44,844754.686,0.0006341563670224417,0.22285961919951008,0.12635135544613402,0.1971,1.0,0.95,0.21197936477720752,0.025047234385008443,0.064275,0.851063829787234,1
28.14,32.44,844754.686,0.0006341563670224417,0.22285961919951008,0.12635135544613402,0.1971,1.0,0.95,0.21197936477720752,0.025047234385008443,0.064275,0.851063829787234,1
34.64,28.65,3938.978,0.001909406872673806,0.42003058244036284,0.192724469732762,0.18355,-5.0,0.9521869999999999,0.276781573344977,0.07353246552011172,0.1208875,0.851063829787234,0
31.63,26.93,3938.328,0.002033017336775198,0.43157529591211785,0.20491774680452182,0.23057142857142857,-4.0,0.9524999999999999,0.29040250598194217,0.07810200263512834,0.11764285714285713,0.851063829787234,0
32.06,27.18,3938.428,0.0020139996797062217,0.42985199130864676,0.2031326182103134,0.22342857142857145,1.0,0.95,0.2816542417471478,0.07740044222959697,0.07085714285714287,0.851063829787234,0
33.9,30.84,3936.106,0.002503051837780563,0.4689644187511345,0.21132317999027392,0.1763,2.0,0.95,0.2348396263795735,0.09527303190310255,0.074075,0.851063829787234,1
35.68,31.73,3936.454,0.0024368548961372807,0.4642388963576445,0.20502563581682806,0.16295,2.0,0.95,0.22932095883765788,0.0928742511332199,0.07073750000000001,0.851063829787234,1
35.11,31.45,3936.346,0.002457398462206461,0.4657223335623493,0.20701897611773298,0.1672,2.0,0.95,0.23106940736847714,0.09361936885398425,0.0718,0.851063829787234,1
34.13,24.69,843548.1,0.0013092071967602,0.3495311412780663,0.1724502569038095,0.29457142857142854,-5.0,0.9528129999999999,0.2799054062086948,0.05102069509013574,0.14864285714285713,0.851063829787234,1
36.21,30.35,3938.488,0.0017249667230078145,0.40115919120221133,0.1799958531878325,0.1672,-6.0,0.95,0.21791544609205757,0.06667207758878568,0.1318,0.851063829787234,0
34.64,29.42,3938.146,0.0017900196897096168,0.40805675767876803,0.18667223970084193,0.17969999999999997,-1.0,0.95,0.2632788299870936,0.06909755054631661,0.05992499999999999,0.851063829787234,1
21.38,26.62,843317.6620000001,0.001416079688870523,0.3642080738418561,0.19491209215146252,0.3891428571428572,3.0,0.95,0.3045945742559633,0.055068827576177815,0.1422857142857143,0.851063829787234,0
21.05,26.27,843308.9440000001,0.0014238256902776843,0.36523014051731806,0.19636484032476104,0.3985714285714286,3.0,0.95,0.30719820858380875,0.05536155975140966,0.14464285714285713,0.851063829787234,0
20.71,25.93,843299.9519999999,0.0014318151844070893,0.36627867746120824,0.19782809627331321,0.40828571428571425,3.0,0.95,0.30987181595661145,0.05566339884891791,0.14707142857142858,0.851063829787234,0
61.75,53.72,269776.928,0.0004076880185275119,0.41028093216816747,0.06933231948598408,0.07734999999999999,1.0,0.95,0.15932305182796738,0.016175272978313893,0.03433749999999999,0.851063829787234,0
61.87,53.81,269778.022,0.00041073024357454247,0.41121987063156523,0.06994481074443173,0.0784,1.0,0.95,0.15989316449187518,0.016294986343323492,0.0346,0.851063829787234,0
60.15,52.61,269763.17000000004,0.00036942886999059263,0.39821192554619034,0.061464012906840844,0.06379999999999998,-7.0,0.9550000000000001,0.16475373243035718,0.014668508467225116,0.12094999999999999,0.851063829787234,0
56.7,61.74,9569.5,0.0003893568273685978,0.4045592745088581,0.07228324308894417,0.09220000000000002,-1.0,0.9550000000000001,0.16218862649085136,0.015453621270422824,0.03805,0.851063829787234,1
56.36,61.56,9569.484,0.00038810251739753934,0.4041637095264083,0.0713477792353043,0.0896,-1.0,0.9550000000000001,0.16132205030606403,0.015404222977625337,0.0374,0.851063829787234,1
55.89,61.32,9569.462,0.0003863778394746341,0.4036189481989895,0.07006918586810411,0.08605,-1.0,0.9550000000000001,0.16013755149109274,0.015336296210631706,0.0365125,0.851063829787234,1
28.59,29.56,3935.834,0.0008255722266535823,0.516248092789259,0.1443316224166791,0.20925,-1.0,0.95,0.27817948171421586,0.0324835862116053,0.0673125,0.851063829787234,0
30.41,30.46,3936.1,0.0007749128778335533,0.5054755674549785,0.13648132300773758,0.19564999999999996,-1.0,0.95,0.22105990176473317,0.03052104840559744,0.06391249999999998,0.851063829787234,0
26.91,28.68,3935.556,0.0008785187876212598,0.527016559274226,0.15197081864843906,0.23114285714285715,-8.0,0.9524999999999999,0.30182063159643197,0.03453048459351449,0.17778571428571427,0.851063829787234,0
62.54,57.27,269928.35,0.0007683696104691017,0.2540490778893178,0.10565084612009065,0.09905,1.0,0.95,0.14258598734989664,0.030267272797233402,0.0397625,0.851063829787234,1
62.47,57.23,269927.81,0.0007668684432785616,0.2537206489261823,0.10536976835639603,0.09849999999999998,1.0,0.95,0.14232993441506933,0.030209041810815185,0.039624999999999994,0.851063829787234,1
61.9,56.82,269923.36600000004,0.0007545143362147552,0.25100117709216585,0.10293510722822755,0.09359999999999999,1.0,0.95,0.14010987301884512,0.02972968732755865,0.0384,0.851063829787234,1
53.47,59.91,9569.958,0.0002042745908276293,0.33989510489992236,0.045528546255057326,0.06689999999999997,-2.0,0.9524999999999999,0.1375499618999629,0.008137691883494669,0.04672499999999999,0.8723404255319149,0
31.14,31.93,3934.27,0.0007737503449366907,0.25522272486721753,0.13294073744824947,0.18464999999999998,-9.0,0.9524999999999999,0.18339772365394305,0.030475965310432174,0.1811625,0.8723404255319149,0
28.26,30.46,3933.886,0.0008469172605394934,0.2706477795721727,0.14490833003796214,0.2064,-2.0,0.9524999999999999,0.22955787363074728,0.03330930048895964,0.0816,0.8723404255319149,0
62.08,62.75,9570.928,0.0002455432643417475,0.10550150891032614,0.06796336541512667,0.12414999999999998,2.0,0.95,0.10841189300861621,0.00977365490211024,0.061037499999999995,0.8723404255319149,0
61.61,62.41,9570.902,0.00024350550949503512,0.104748239180598,0.06647474977088108,0.12009999999999997,2.0,0.95,0.10702676396157643,0.00969293807117011,0.060024999999999995,0.8723404255319149,0
59.04,60.59,9570.77,0.00023315994218132643,0.10089660647009092,0.058475128221783204,0.09815000000000002,2.0,0.95,0.09958448654039784,0.009283041729998831,0.0545375,0.8723404255319149,0
43.75,52.46,270235.81200000003,0.0013339895586526379,0.6030331175479495,0.12271885422342518,0.043550000000000005,-3.0,0.9537500000000001,0.2093305154117577,0.05196094692242459,0.0558875,0.8723404255319149,0
66.83,54.3,9569.04,3.511200730322757e-05,0.01715445215211516,0.03774460263597791,0.10564999999999997,-10.0,0.953125,0.09574703242217691,0.0014034944712596475,0.17641249999999997,0.8723404255319149,0
67.55,54.85,9569.076,3.229047634734165e-05,0.26580500409963814,0.039380932174164926,0.11199999999999999,-1.0,0.9550000000000001,0.12838859516498707,0.001290785273017847,0.043,0.8723404255319149,0
67.51,54.82,9569.074,3.244722792773062e-05,0.2658801037336247,0.03929092263712246,0.11165000000000001,-3.0,0.9524999999999999,0.13242393042558318,0.00129704722329671,0.0729125,0.8723404255319149,0
67.19,54.58,9569.058,3.370124116168223e-05,0.2664803484491652,0.03857074189556717,0.10884999999999997,-1.0,0.9550000000000001,0.12765647686104303,0.0013471414356928113,0.04221249999999999,0.8723404255319149,0
66.43,54.0,9569.02,3.667952679426355e-05,0.26790200534075365,0.036843855774115794,0.10215000000000003,-1.0,0.9550000000000001,0.12609537267838175,0.0014661052878094383,0.040537500000000004,0.8723404255319149,0
40.57,40.58,843809.632,0.00038560761584115633,0.15337534142905687,0.0725735183257586,0.09425,-4.0,0.953125,0.11741134722885847,0.015305959293082427,0.0835625,0.8723404255319149,0
61.25,52.84,3939.972,0.0008746283845489798,0.5262416606657069,0.10406345220203198,0.07045000000000001,-4.0,0.9537500000000001,0.1959719702187859,0.03438023028006365,0.0776125,0.8723404255319149,1
60.98,52.64,3939.926,0.0008658668480452592,0.5244871870411878,0.10273328631146887,0.06809999999999998,-2.0,0.9550000000000001,0.19061117460108204,0.03404175845841895,0.047025,0.8723404255319149,1
62.97,54.1,3940.282,0.000933672186945859,0.5377356054630265,0.1126504602402812,0.08535,-2.0,0.9550000000000001,0.19955903686062493,0.036658093861671515,0.051337499999999994,0.8723404255319149,1
71.51,50.75,3942.38,0.001332186983682269,0.6027804638317592,0.143918235743686,0.18600000000000014,-11.0,0.9540630000000001,0.30969955085286505,0.051892587999292195,0.19650000000000004,0.8723404255319149,1
73.45,52.77,3942.842000000001,0.0014201534802017056,0.3647462769928476,0.1546028978150056,0.24142857142857152,-5.0,0.9540630000000001,0.2663405916496483,0.05522279312811784,0.13535714285714287,0.8723404255319149,0
50.54,55.61,270059.358,0.00023213618602926337,0.3505129625061746,0.037182798575553025,0.030749999999999993,-2.0,0.9524999999999999,0.12998668629113838,0.009242470796070323,0.0376875,0.8723404255319149,1
70.02,56.34,3949.004,0.002611255080649281,0.47636093408674335,0.20066902770993184,0.14342857142857132,1.0,0.95,0.2736305651234051,0.0991803457972269,0.05085714285714283,0.8723404255319149,1
70.03,56.34,3949.006,0.002611635583595282,0.476386257457116,0.20069623831241562,0.14371428571428574,1.0,0.95,0.27370468575166046,0.09919405627417877,0.050928571428571434,0.8723404255319149,1
70.85,56.95,3949.174,0.002643597486164092,0.4784967944505968,0.2039037362059974,0.16714285714285698,1.0,0.95,0.28002580934209736,0.10034497927590724,0.056785714285714245,0.8723404255319149,1
72.1,64.04,270383.692,0.0009596001795917105,0.2926085876336421,0.14428801761247242,0.2028571428571427,1.0,0.95,0.2312039027484747,0.0376566768214428,0.06571428571428567,0.8723404255319149,0
71.43,63.47,270379.396,0.0009476761133615744,0.2903803657441611,0.14157449097281605,0.1837142857142859,-6.0,0.95,0.23645456878721585,0.037197565519806686,0.13592857142857148,0.8723404255319149,1
73.99,54.53,3952.918,0.0030778100527584463,0.504249305446365,0.2171325509033185,0.25685714285714273,1.0,0.95,0.30887905815151956,0.11583572495515815,0.07921428571428568,0.8723404255319149,1
42.09,47.06,843854.2,3.2157655450472764e-05,0.015741357622080687,0.021213991307149568,0.054249999999999965,2.0,0.95,0.06353245891534608,0.0012854792807784898,0.04356249999999999,0.8723404255319149,0
42.09,47.06,843854.2,3.2157655450472764e-05,0.015741357622080687,0.021213991307149568,0.054249999999999965,-1.0,0.9550000000000001,0.06159912558201275,0.0012854792807784898,0.02856249999999999,0.8723404255319149,0
43.61,47.84,843866.2280000001,4.284808188440745e-05,0.020829051019757672,0.018956594886153918,0.04274999999999998,1.0,0.95,0.05946988053919125,0.0017124553476376425,0.025687499999999995,0.8723404255319149,0
43.43,47.75,843864.7620000001,4.1545112470329304e-05,0.0202127294885421,0.019216216634380504,0.0441,2.0,0.95,0.0617950129820132,0.0016604244662710155,0.041025,0.8723404255319149,0
40.66,46.35,843843.408,2.2565714804982317e-05,0.011115635889584235,0.023347886026324607,0.06495000000000001,2.0,0.95,0.06538928866663066,0.0009022213455516237,0.0462375,0.8723404255319149,1
36.83,57.97,3957.186,0.0033634040844125247,0.5186805413505149,0.21265952365414273,0.10569999999999999,2.0,0.95,0.2310964337115697,0.12587873287150886,0.056424999999999996,0.8723404255319149,1
38.01,47.01,3957.45,0.002559313564361882,0.47285954702372235,0.1812025845906497,0.07490000000000001,-1.0,0.9550000000000001,0.2035414817181661,0.0973068026280911,0.033725000000000005,0.8723404255319149,1
38.01,47.01,3957.45,0.002559313564361882,0.47285954702372235,0.1812025845906497,0.07490000000000001,-2.0,0.9550000000000001,0.20564148171816615,0.0973068026280911,0.048725000000000004,0.8723404255319149,1
38.41,47.23,3957.512,0.0025710835309548027,0.47366079166738434,0.1805896410600376,0.07180000000000003,-1.0,0.9550000000000001,0.20292211513756522,0.09773168935326082,0.03295000000000001,0.8723404255319149,1
38.41,47.23,3957.512,0.0025710835309548027,0.47366079166738434,0.1805896410600376,0.07180000000000003,-1.0,0.9550000000000001,0.20292211513756522,0.09773168935326082,0.03295000000000001,0.8723404255319149,1
28.04,44.71,270401.75,0.0003242616674846838,0.13331215304701055,0.0798312634284391,0.19885714285714287,3.0,0.95,0.18523339769700448,0.012886712696743463,0.09471428571428572,0.8723404255319149,1
39.44,47.95,844090.6699999999,0.0002448541385291638,0.1052469658304355,0.04868758410661706,0.06305,3.0,0.95,0.09269611319878826,0.00974635890451625,0.0607625,0.8723404255319149,1
49.39,41.78,3961.648,0.002486321184719182,0.4677849079716714,0.16926379099703004,0.04414999999999999,4.0,0.95,0.1989721715555749,0.09466736234002049,0.07103749999999999,0.8723404255319149,0
49.33,41.73,3961.634000000001,0.0024836663824939764,0.4675968336746882,0.16935281020854612,0.04470000000000002,1.0,0.95,0.1927664797654357,0.09457121807119007,0.026175000000000004,0.8723404255319149,0
49.45,41.83,3961.6600000000008,0.0024885967257412666,0.46794591497817506,0.16916273174762736,0.04359999999999999,1.0,0.95,0.19256846082598106,0.09474976345204655,0.0259,0.8723404255319149,0
49.45,41.83,3961.6600000000008,0.0024885967257412666,0.46794591497817506,0.16916273174762736,0.04359999999999999,1.0,0.95,0.19256846082598106,0.09474976345204655,0.0259,0.8723404255319149,0
49.33,41.73,3961.634000000001,0.0024836663824939764,0.4675968336746882,0.16935281020854612,0.04470000000000002,1.0,0.95,0.1927664797654357,0.09457121807119007,0.026175000000000004,0.8723404255319149,0
48.44,41.1,3961.454,0.0024495327921081242,0.4651561819544955,0.1706563321787337,0.0523,4.0,0.95,0.20042622943629362,0.09333415234683329,0.073075,0.8723404255319149,0
32.52,29.42,9564.456,0.00040477287099969,0.40937840037087386,0.10455958115354788,0.19029999999999994,-1.0,0.9550000000000001,0.2407622310741024,0.01606054652072142,0.06257499999999999,0.8723404255319149,0
31.98,29.15,9564.424,0.00040728148648012805,0.4101552350952779,0.10606594891406107,0.19435000000000002,-1.0,0.9550000000000001,0.2421577745276099,0.016159274597015383,0.0635875,0.8723404255319149,0
32.52,29.42,9564.456,0.00040477287099969,0.40937840037087386,0.10455958115354788,0.19029999999999994,-1.0,0.9550000000000001,0.2407622310741024,0.01606054652072142,0.06257499999999999,0.8723404255319149,0
32.52,29.42,9564.456,0.00040477287099969,0.40937840037087386,0.10455958115354788,0.19029999999999994,-1.0,0.9550000000000001,0.2407622310741024,0.01606054652072142,0.06257499999999999,0.8723404255319149,0
68.08,72.2,1397.882,0.0009783805764656533,0.5460745574417267,0.15198746496166277,0.2057142857142858,-1.0,0.95,0.2844170622771571,0.03837933293361784,0.06642857142857145,0.8723404255319149,1
66.31,70.94,1397.774,0.0010362886857288559,0.5564385054705602,0.15082404271550087,0.18625,-1.0,0.95,0.2822037969278452,0.04060418059076398,0.0615625,0.8723404255319149,1
47.29,46.82,3951.564,0.0012143712093552936,0.33553937054644584,0.11188699819469979,0.029449999999999997,-2.0,0.9524999999999999,0.14769519517440088,0.04741396287873345,0.0373625,0.8723404255319149,1
47.29,46.82,3951.564,0.0012143712093552936,0.33553937054644584,0.11188699819469979,0.029449999999999997,-2.0,0.9524999999999999,0.14769519517440088,0.04741396287873345,0.0373625,0.8723404255319149,1
61.72,60.03,844660.138,0.0005099975275328053,0.4402978189824471,0.08835441872738728,0.10875,1.0,0.95,0.1756875738942565,0.020193230855528932,0.0421875,0.8723404255319149,0
64.02,61.55,844685.932,0.000532908432255305,0.4466056699111002,0.09631388318195508,0.12784999999999996,1.0,0.95,0.1830377170738101,0.021090749914613682,0.04696249999999999,0.8723404255319149,1
60.12,59.01,844643.9400000001,0.0004956098618165338,0.43626255736381664,0.08299173575490135,0.09564999999999999,-2.0,0.9524999999999999,0.17291518718395246,0.019629183274096462,0.053912499999999995,0.8723404255319149,1
60.31,59.14,844645.8300000001,0.0004972886371851738,0.43673639400187586,0.08364060281843873,0.09725000000000002,-2.0,0.9524999999999999,0.17351494906160103,0.01969501395894313,0.0543125,0.8723404255319149,1
46.04,48.76,3947.674,0.0020712271075812973,0.6849822298862605,0.14939212966478077,0.026000000000000013,-1.0,0.95,0.22495099823598738,0.07950994686396173,0.021500000000000002,0.8936170212765957,1
45.92,48.65,3947.642,0.0020772982458047867,0.4355168558228759,0.14997762510134693,0.027149999999999997,1.0,0.95,0.17546357310837168,0.07973345661752862,0.021787499999999998,0.8936170212765957,1
46.44,49.11,3947.774,0.00205225495889993,0.43329975944395827,0.14750979138187548,0.022250000000000013,1.0,0.95,0.17330058799229264,0.07881113477224866,0.020562500000000004,0.8936170212765957,1
23.76,47.41,1393.418,0.00273896131315553,0.734604796578684,0.20832678502030336,0.3211428571428571,2.0,0.95,0.36651636532147264,0.10377022406347214,0.11028571428571428,0.8936170212765957,1
23.72,47.37,1393.4139999999998,0.0027411103572462323,0.7347392769259449,0.20851467559227602,0.32228571428571434,1.0,0.95,0.36474023246838766,0.10384726224441132,0.09557142857142858,0.8936170212765957,1
23.72,47.37,1393.4139999999998,0.0027411103572462323,0.7347392769259449,0.20851467559227602,0.32228571428571434,1.0,0.95,0.36474023246838766,0.10384726224441132,0.09557142857142858,0.8936170212765957,1
32.12,36.71,270465.34,0.0008263356969558388,0.266406853287711,0.12760177539301848,0.15585,1.0,0.95,0.16016424274692978,0.032513132562402736,0.0539625,0.8936170212765957,1
33.85,38.4,270483.322,0.0007764999453782407,0.25582032638130325,0.11871227850744102,0.13874999999999998,2.0,0.95,0.15418251483574033,0.03058259159528609,0.0646875,0.8936170212765957,0
25.46,24.2,1389.3200000000002,0.004349324811933972,0.5576701095988479,0.2793831473553046,0.3085714285714286,3.0,0.95,0.3520529124337802,0.15968040769761815,0.12214285714285715,0.8936170212765957,0
33.85,38.4,270483.322,0.0007764999453782407,0.25582032638130325,0.11871227850744102,0.13874999999999998,2.0,0.95,0.15418251483574033,0.03058259159528609,0.0646875,0.8936170212765957,0
23.76,23.34,1389.1660000000002,0.0044322197182713905,0.5603576648493023,0.28494620351350186,0.33314285714285713,2.0,0.95,0.35733095124137476,0.16246212190610843,0.11328571428571428,0.8936170212765957,0
24.8,23.87,1389.2620000000002,0.004380544434486747,0.5586911828431427,0.2815221996441772,0.31799999999999995,2.0,0.95,0.3527815403665923,0.1607291311661292,0.10949999999999999,0.8936170212765957,0
71.18,72.65,845275.668,0.0006377245538736509,0.47373949653080866,0.13356234405639572,0.21915000000000004,-1.0,0.9550000000000001,0.26625133409648133,0.0251863770005879,0.0697875,0.8936170212765957,1
71.88,73.07,845277.8400000001,0.0006396525536521209,0.47421369975243655,0.13547388315648967,0.23057142857142837,-1.0,0.9550000000000001,0.2692665652452221,0.025261551719781505,0.07264285714285709,0.8936170212765957,1
25.41,25.71,1384.8939999999998,0.0057966134912601375,0.5958188855216846,0.3006595180931894,0.274,2.0,0.95,0.35903742336947975,0.20694645665883016,0.0985,0.8936170212765957,0
27.07,26.93,1385.102,0.005684410243783199,0.5934109465041362,0.2945200628102562,0.23057142857142857,-1.0,0.95,0.34535983730940495,0.20337913001485108,0.07264285714285715,0.8936170212765957,0
27.07,26.93,1385.102,0.005684410243783199,0.5934109465041362,0.2945200628102562,0.23057142857142857,-1.0,0.95,0.34535983730940495,0.20337913001485108,0.07264285714285715,0.8936170212765957,0
27.17,33.86,270089.156,0.0020638543422347036,0.434330533190486,0.20218642527025105,0.22371428571428567,-1.0,0.9550000000000001,0.2801448077518541,0.07923844454484585,0.07092857142857142,0.8936170212765957,1
45.31,31.55,1385.678,0.0038464344907381725,0.7895793912842513,0.22664746731921404,0.11569999999999997,1.0,0.95,0.2887448722688281,0.14260570581619436,0.04392499999999999,0.8936170212765957,1
45.31,31.55,1385.678,0.0038464344907381725,0.7895793912842513,0.22664746731921404,0.11569999999999997,1.0,0.95,0.2887448722688281,0.14260570581619436,0.04392499999999999,0.8936170212765957,1
43.48,30.64,1385.564,0.003907979870596474,0.5419740777666915,0.2322410045494902,0.12940000000000002,-1.0,0.95,0.24368041052442468,0.14471385611422227,0.04735,0.8936170212765957,1
45.18,31.49,1385.67,0.003850753382483667,0.539749233503674,0.22703704855795226,0.11664999999999999,-2.0,0.9524999999999999,0.2412717720979085,0.14275381274826127,0.05916249999999999,0.8936170212765957,1
45.18,31.49,1385.67,0.003850753382483667,0.539749233503674,0.22703704855795226,0.11664999999999999,1.0,0.95,0.23908843876457517,0.14275381274826127,0.04416249999999999,0.8936170212765957,0
41.51,29.64,1385.43,0.003980325910077422,0.5447202377268641,0.23839748372937844,0.15314285714285714,-2.0,0.9524999999999999,0.30319296392570233,0.14718534095200198,0.06828571428571428,0.8936170212765957,0
